EQUIPO: LIFFT     	ESCALADOR: facu      	POSICION: -604.759716442428, -419.2494557947235
EQUIPO: LIFFT     	ESCALADOR: lucas     	POSICION: -59.23839453667499, -28.571563491290956